{
    "data":{
        "index":{
            "array":[0,1,2,3,4,5,6,7,8,9,10,11,12,13,14,15,16,12,17,18,15,14,19,17,12,16,13,15,18,16,17,19,18,14,13,19],
            "type":"Uint16Array",
            "itemSize":1
        },
        "groups":[{
            "count":36,
            "start":0,
            "materialIndex":0
        }],
        "attributes":{
            "normal":{
                "array":[0,-7.37006e-06,1,0,-7.37006e-06,1,0,-7.37006e-06,1,-4.87294e-10,-7.36823e-06,1,-4.87294e-10,-7.36823e-06,1,-4.87294e-10,-7.36823e-06,1,0,7.37006e-06,-1,0,7.37006e-06,-1,0,7.37006e-06,-1,4.87294e-10,7.36823e-06,-1,4.87294e-10,7.36823e-06,-1,4.87294e-10,7.36823e-06,-1,-0.707114,-0.707083,0,0.707083,-0.707114,0,0.707083,-0.707114,0,-0.707083,0.707083,0,-0.707114,-0.707083,0,0.707083,0.707083,0,-0.707083,0.707083,0,0.707083,0.707083,0],
                "type":"Float32Array",
                "itemSize":3
            },
            "position":{
                "array":[-1.22296,7.02689,1.1638,7.03984,9.22666,1.16382,-1.22296,9.22666,1.16382,-1.22296,7.02689,1.1638,7.03984,7.02634,1.1638,7.03984,9.22666,1.16382,7.03984,9.22668,-1.16392,-1.22296,7.0269,-1.16393,-1.22296,9.22668,-1.16392,7.03984,7.02636,-1.16393,-1.22296,7.0269,-1.16393,7.03984,9.22668,-1.16392,-1.22296,7.02689,1.1638,7.03984,7.02636,-1.16393,7.03984,7.02634,1.1638,-1.22296,9.22666,1.16382,-1.22296,7.0269,-1.16393,7.03984,9.22666,1.16382,-1.22296,9.22668,-1.16392,7.03984,9.22668,-1.16392],
                "type":"Float32Array",
                "itemSize":3
            }
        }
    },
    "metadata":{
        "generator":"io_three",
        "version":3,
        "normal":20,
        "type":"BufferGeometry",
        "position":20
    }
}